fitness,lr0,lrf,momentum,weight_decay,warmup_epochs,warmup_momentum,box,cls,dfl,hsv_h,hsv_s,hsv_v,degrees,translate,scale,shear,perspective,flipud,fliplr,bgr,mosaic,mixup,cutmix,copy_paste,close_mosaic
0.0,0.01,0.01,0.937,0.0005,3.0,0.8,7.5,0.5,1.5,0.015,0.7,0.4,0.0,0.1,0.5,0.0,0.0,0.0,0.5,0.0,1.0,0.0,0.0,0.0,10
0.0,0.00793,0.01,0.89493,0.001,2.78103,0.80143,7.03617,0.5893,1.67823,0.00143,0.85486,0.41158,0.00117,0.08194,0.50128,0.0,0.001,0.0,0.48239,0.0,1.0,0.00529,0.01495,0.0,10
0.0,0.00644,0.01,0.89103,0.001,2.78236,0.79071,6.47234,0.59328,1.68488,0.0,0.86035,0.40973,0.0,0.08265,0.51755,0.0,0.001,0.0,0.33447,0.00946,1.0,0.0,0.02093,0.00086,10
0.0,0.00782,0.01,0.84934,0.0,3.0049,0.7867,9.41337,0.49386,1.19002,0.0111,0.69577,0.40232,0.0015,0.08921,0.49349,0.00199,0.001,0.0,0.5069,0.0,0.99928,0.01379,0.00572,0.0,10
0.0,0.00705,0.01,0.87124,0.00019,2.73864,0.8007,9.95338,0.43396,1.1087,0.01578,0.86908,0.40197,0.0,0.06471,0.6076,0.0,0.00086,0.0,0.56189,0.00971,0.67478,0.01044,0.0,0.00065,10
0.0,0.00585,0.01194,0.85495,0.00086,2.9304,0.7842,7.83971,0.55472,1.6772,0.01898,0.70309,0.49333,0.00024,0.08833,0.51198,0.00099,0.00032,0.0,0.50742,0.00201,0.77986,0.00983,0.01265,0.00125,10
0.0,0.00623,0.01068,0.86714,0.00058,2.89697,0.79389,5.78663,0.56133,1.7531,0.01597,0.763,0.57282,0.0012,0.10153,0.58298,7e-05,0.00071,0.0,0.57884,0.00871,0.94833,0.01084,0.02321,0.0,10
0.0,0.00941,0.0117,0.75935,0.001,3.53243,0.73346,7.9595,0.63626,1.5168,0.01065,0.88148,0.59543,0.00085,0.10896,0.55749,0.00025,0.00065,0.0,0.45422,8e-05,0.83196,0.00843,0.00441,0.0005,10
0.0,0.0072,0.01077,0.864,0.00097,3.03652,0.77326,8.82608,0.60816,1.31201,0.00667,0.56457,0.47057,0.0017,0.11445,0.60191,0.0022,0.00054,0.00052,0.50222,0.00224,0.53158,0.0092,0.00411,0.00119,9
0.0,0.00592,0.01107,0.85081,0.00029,2.4663,0.80137,7.10492,0.57383,1.00065,0.0,0.7046,0.43914,0.00099,0.11096,0.50808,0.00289,0.0,0.00019,0.55514,0.01088,1.0,0.00821,0.01676,0.00111,9
0.0,0.00663,0.01018,0.82355,0.00044,2.54704,0.80961,7.70419,0.59736,1.68263,0.0,0.9,0.59083,0.00098,0.08025,0.53271,0.00058,0.001,0.0,0.55746,0.00157,0.9153,0.01045,0.00425,1e-05,10
0.0,0.00545,0.01081,0.85334,0.00051,2.78163,0.78237,7.53457,0.57352,1.6817,0.01777,0.73563,0.43397,0.00087,0.09431,0.51729,0.00061,0.00074,0.0,0.3215,0.00689,0.85726,0.00372,0.01566,0.00107,10
0.0,0.0053,0.01,0.82441,0.00059,3.10735,0.58054,8.57088,0.88274,2.01912,0.0022,0.55907,0.49383,0.0,0.10026,0.56515,0.00041,0.00095,0.00057,0.55589,0.00412,0.42814,0.00502,0.0,0.00063,10
0.0,0.00716,0.01342,0.98,0.00043,2.89302,0.72819,7.46902,0.58043,1.90895,0.00508,0.88288,0.43864,0.00093,0.09455,0.61463,0.0,0.001,0.00014,0.46744,0.0075,0.26151,0.0,0.00406,0.00092,10
0.0,0.00701,0.01056,0.87415,0.00047,2.94573,0.86274,9.48329,0.5684,1.50311,0.00583,0.9,0.44836,0.00038,0.10552,0.52799,0.0,0.00063,0.00047,0.53551,0.00663,0.93411,0.00524,0.02239,0.00063,10
0.0,0.01,0.0102,0.81357,0.00034,3.37432,0.72636,7.65627,0.59628,1.81981,0.01876,0.9,0.62133,0.00056,0.11994,0.67757,0.00136,0.00013,0.0003,0.48973,0.00942,0.77794,0.00448,0.02639,1e-05,9
0.0,0.00931,0.01086,0.93871,0.00048,2.7134,0.95,9.49151,0.73026,1.26985,0.00357,0.52523,0.40607,0.00187,0.10457,0.47471,0.00201,0.00067,9e-05,0.47232,0.01084,0.45427,0.00579,0.02523,0.00088,9
0.0,0.00806,0.01164,0.92748,0.00036,2.91151,0.78335,9.37515,0.6193,1.75006,0.0007,0.84015,0.41857,0.00151,0.08049,0.63034,0.00215,0.0,0.00044,0.46871,0.01,0.58342,0.00335,0.01157,0.0,9
0.0,0.00574,0.01182,0.98,0.00079,3.22947,0.80154,9.58426,0.6253,1.70924,0.00462,0.68892,0.3149,0.00026,0.08892,0.56556,0.00043,0.00015,0.0,0.54649,0.0077,0.7162,0.0,0.00133,0.00089,10
0.0,0.01,0.01005,0.77522,0.0,2.6928,0.85061,7.10146,0.66445,2.30898,0.01196,0.88552,0.31624,0.00094,0.15642,0.55147,0.0,7e-05,0.00879,0.50647,0.00959,1.0,0.0131,0.0095,4e-05,10
0.0,0.00552,0.01151,0.85648,0.00042,4.5797,0.77553,5.59559,0.64505,1.71499,0.01795,0.79205,0.54102,0.00111,0.07213,0.33692,0.0007,0.00027,8e-05,0.54577,0.00392,0.70237,0.00443,0.00615,0.00093,10
0.0,0.00796,0.01092,0.76885,0.00026,2.45099,0.73279,8.13112,0.59628,1.66013,0.00197,0.8852,0.57373,0.00046,0.10716,0.68,0.00021,0.0002,0.01767,0.37617,0.01027,0.98812,0.00478,0.00519,0.00037,10
0.0,0.00866,0.0116,0.80401,0.001,2.87014,0.89491,6.21557,0.48664,1.05853,0.01274,0.64985,0.63388,0.00143,0.07615,0.50458,0.00242,0.0,0.00027,0.32515,0.00884,0.50967,0.00184,0.01096,8e-05,10
0.0,0.009,0.01112,0.76984,0.00077,3.02863,0.72678,5.99107,0.42473,1.73404,0.00261,0.7475,0.49841,0.00146,0.11082,0.53837,0.00176,0.00069,0.00053,0.41331,0.00498,0.70528,0.01524,0.0,3e-05,9
0.0,0.00619,0.01196,0.87399,0.00014,2.79476,0.95,8.282,0.46651,1.60944,0.00756,0.59255,0.394,0.00031,0.08599,0.49642,0.00108,0.0,0.00023,0.41918,0.00733,0.93822,0.01079,0.02205,0.00095,10
0.0,0.00775,0.01176,0.89147,0.00024,3.22828,0.6556,10.68727,0.43611,1.47679,0.01005,0.73388,0.5198,0.00071,0.08023,0.47675,4e-05,0.001,0.00034,0.50984,0.00852,0.5954,0.00638,0.00244,0.00148,10
0.0,0.00887,0.01101,0.85475,0.00033,4.09417,0.81736,9.43681,0.54107,1.32113,0.0,0.75118,0.65174,0.00149,0.06465,0.53831,0.0,0.00088,0.0,0.40596,0.00077,0.59639,0.00076,0.0,0.00119,10
0.0,0.00515,0.01191,0.7813,0.0004,3.34976,0.78352,6.09243,0.60346,1.03991,0.01958,0.77217,0.60556,0.00101,0.10396,0.48542,0.00128,0.00017,0.0004,0.40625,0.00064,0.95701,0.00097,0.0,0.00022,9
0.0,0.00659,0.01171,0.94285,0.00081,3.28069,0.75461,7.78485,0.60397,1.4862,0.00929,0.7664,0.71681,0.00152,0.13968,0.58162,0.00143,0.00082,0.00213,0.37205,0.0,0.67295,0.00523,0.00756,0.0,10
0.0,0.00573,0.01168,0.94896,0.00027,2.88401,0.78562,9.41662,0.4313,1.65946,0.01218,0.9,0.42578,0.00144,0.11211,0.45827,0.00015,0.00082,7e-05,0.47516,0.0,0.95556,0.0,0.00356,0.0,10
0.0,0.00959,0.01059,0.81094,0.001,2.97119,0.78185,8.715,0.4488,1.51097,0.00798,0.69471,0.38177,0.00052,0.09944,0.43604,0.00183,0.00054,0.00032,0.39237,0.0056,1.0,0.01055,0.0007,0.00084,9
0.0,0.00541,0.01334,0.8925,0.00019,2.78917,0.79929,10.11292,0.55528,1.52026,0.00138,0.58124,0.48119,0.0001,0.08623,0.55279,0.0,0.001,0.0002,0.36658,0.00054,0.70287,0.00242,0.0013,0.00114,9
0.0,0.00651,0.01068,0.88069,0.00054,3.11356,0.78059,5.10483,0.48706,1.66286,0.01474,0.9,0.54344,0.00062,0.12561,0.59857,0.00133,0.0008,0.0,0.37079,0.00357,1.0,0.0108,0.0,0.0005,10
0.0,0.01,0.01137,0.91728,0.001,3.05639,0.78461,6.64414,0.48278,1.56922,0.01028,0.67522,0.43669,0.00202,0.14904,0.62687,0.00158,0.001,0.00025,0.43786,0.01075,0.94439,0.01611,0.00813,0.0003,10
0.0,0.00596,0.01143,0.90681,0.00035,2.84859,0.584,11.26898,0.55295,1.46983,0.00205,0.66814,0.38134,0.00121,0.11428,0.53134,0.0,0.00026,0.00042,0.39151,0.00358,0.69518,0.00711,0.01118,0.0,9
0.0,0.00764,0.01045,0.82429,0.00061,3.08253,0.78596,5.9262,0.72548,1.49194,0.01836,0.68422,0.48493,0.00133,0.11685,0.60885,0.00268,0.00057,0.00028,0.57678,0.00367,0.56535,0.0047,0.01906,0.00061,9
0.0,0.00737,0.01,0.75884,0.0008,3.01996,0.74608,8.14104,0.53221,1.76966,0.0151,0.84994,0.41575,0.00038,0.11457,0.5127,0.00012,0.001,0.00059,0.48118,0.0,0.69852,0.0064,0.0015,0.00117,10
0.0,0.00674,0.01,0.82212,0.00079,1.97371,0.84199,5.16882,0.49168,1.6561,0.02163,0.69451,0.44052,0.00097,0.09754,0.49807,0.00042,0.00068,0.0,0.5432,0.00857,0.80466,0.00359,0.01643,0.00106,10
0.0,0.00702,0.01108,0.97714,0.00017,3.52563,0.77603,16.14933,0.59261,1.28692,0.00787,0.88598,0.54042,0.00165,0.10638,0.4546,0.00153,0.00055,0.0003,0.69058,0.00324,0.40273,0.00777,0.01833,0.00101,9
0.0,0.00961,0.01027,0.87338,0.0,2.56525,0.77497,8.08906,0.49024,1.74427,0.01499,0.68118,0.51937,0.00123,0.12338,0.59392,0.00201,0.00085,0.00036,0.47755,0.00936,0.77051,0.01075,0.00098,0.00026,10
0.0,0.01,0.01152,0.86856,0.001,2.56648,0.95,10.79528,0.60331,1.34197,0.01408,0.84883,0.51807,0.00044,0.12372,0.42766,0.00036,0.00079,0.0,0.52429,0.00042,0.95538,0.00908,0.02704,0.0,7
0.0,0.00933,0.01,0.87571,1e-05,2.77369,0.74649,8.88997,0.55088,1.38944,0.01691,0.77759,0.53117,0.00094,0.11761,0.69212,0.00108,0.00077,0.00027,0.4979,0.0,0.52423,0.01021,0.0045,0.0007,9
0.0,0.00731,0.01124,0.84159,0.0,3.05285,0.79214,4.25303,0.40774,1.38823,0.00256,0.51195,0.58379,0.00188,0.11631,0.48953,0.00176,0.00078,0.0001,0.52862,0.0,1.0,0.01361,0.01554,0.00124,9
0.0,0.00716,0.0112,0.86137,0.001,3.16004,0.77216,6.682,0.63431,1.09686,0.00627,0.83238,0.51049,0.00046,0.07016,0.54457,0.00205,0.0,0.00058,0.42648,0.01185,0.60496,0.00278,0.01788,0.0,6
0.0,0.00939,0.0145,0.98,0.00067,3.54671,0.80225,7.45697,0.32954,1.62929,0.00646,0.77669,0.54928,0.00033,0.09392,0.65711,0.00115,0.001,0.00022,0.53133,0.00712,0.56744,0.0061,0.02248,0.00015,10
0.0,0.00859,0.0124,0.95406,0.00092,3.47322,0.70744,6.86809,0.53375,1.66254,0.00845,0.62666,0.47874,0.0016,0.08189,0.51776,0.00061,0.00061,0.0,0.38785,0.0,1.0,0.00535,0.0,0.00073,10
0.0,0.01,0.01148,0.78974,0.0008,3.54701,0.76004,10.32959,0.51737,1.42343,0.00451,0.66121,0.50932,0.0,0.09945,0.51478,0.00074,0.00097,0.0,0.42586,0.00976,0.85107,0.00215,0.00663,0.00065,10
0.0,0.00869,0.01311,0.88362,0.00098,3.9583,0.73591,8.65646,0.64762,1.76921,0.0,0.52496,0.48688,0.00105,0.05887,0.4844,0.00132,0.00052,0.00023,0.3316,0.00363,0.81677,0.0,0.01887,0.00127,10
0.0,0.00535,0.01156,0.90512,0.00092,3.21484,0.80145,10.20069,0.66135,1.43699,0.0,0.7,0.55479,0.0006,0.10332,0.58107,0.00164,0.00086,0.0,0.52275,0.00761,0.60842,0.00674,0.00916,0.00127,9
0.0,0.00668,0.0104,0.87698,0.00034,2.65009,0.94167,7.20168,0.47407,1.64458,0.0,0.85441,0.48555,0.00183,0.09508,0.56518,0.0,0.001,0.0,0.48018,0.00897,0.77507,0.01895,0.00846,0.00081,10
0.0,0.01,0.01057,0.96344,0.0005,2.98294,0.68204,8.63247,0.63145,1.09993,0.01044,0.86388,0.48429,5e-05,0.08179,0.71562,0.002,0.00084,0.0,0.33911,0.00238,0.97173,0.00423,0.0011,0.00029,10
0.0,0.00573,0.01103,0.78502,0.00066,1.68524,0.80378,7.79066,0.48276,1.50887,0.0,0.66584,0.45514,0.00121,0.10861,0.52059,0.00075,0.001,0.0,0.41448,0.00229,0.64807,0.01321,0.00561,0.00132,9
0.0,0.00792,0.0101,0.74771,0.00021,2.67099,0.52661,6.41174,0.48335,1.12908,0.01517,0.9,0.37922,0.00012,0.04677,0.62964,0.00078,0.00023,0.00042,0.51874,0.00615,1.0,0.00831,0.00794,0.00148,10
0.0,0.01,0.01097,0.89538,0.001,2.30663,0.76533,8.72026,0.60633,1.52406,0.01767,0.70554,0.52509,0.00039,0.04832,0.50734,0.00017,0.00058,0.0,0.56498,0.0,1.0,0.00654,0.02039,0.00129,10
0.0,0.00543,0.01105,0.83112,0.0,2.78299,0.78313,6.2048,0.39501,1.34366,0.01617,0.88978,0.58513,0.00185,0.08749,0.45021,0.00188,6e-05,0.00023,0.48013,0.00615,0.98972,0.0,0.00982,0.00108,8
0.0,0.0063,0.01154,0.88614,0.00075,4.08197,0.73162,6.24857,0.50526,1.12473,0.01428,0.74161,0.60862,0.0,0.10306,0.47649,0.00103,0.001,0.00039,0.49653,0.01244,0.44337,0.00474,0.01857,0.00063,10
0.0,0.00822,0.0114,0.88281,0.00068,2.84873,0.92618,10.56826,0.48225,1.82239,0.0173,0.68015,0.48606,0.00126,0.10413,0.53328,3e-05,0.001,0.00033,0.29875,0.00297,0.84261,0.00645,0.0,0.00132,9
0.0,0.0055,0.01133,0.89466,0.00066,2.97235,0.80275,7.0202,0.55854,0.91083,0.00783,0.86681,0.48334,0.00177,0.09406,0.61421,0.00184,0.00077,0.00041,0.53286,0.0098,0.61518,0.00571,0.00088,0.00095,8
0.0,0.00919,0.01039,0.77883,0.00033,3.37979,0.90369,9.84448,0.61975,1.22851,0.0,0.74533,0.39221,0.00097,0.09117,0.65152,0.00112,0.0009,0.0,0.54485,0.00128,1.0,0.01185,0.02137,0.0005,10
0.0,0.00708,0.01296,0.94479,0.00055,2.88904,0.79348,6.84717,0.54213,1.48576,0.0,0.74274,0.47849,0.00066,0.08725,0.65948,0.00035,0.00029,0.0,0.5625,0.00411,0.95388,0.01217,0.00173,6e-05,10
0.0,0.00624,0.01146,0.87946,0.00073,2.80961,0.7857,6.68826,0.41696,1.28212,0.01851,0.66993,0.47083,0.00047,0.07444,0.56532,0.00069,0.00091,0.00373,0.52916,0.00738,1.0,0.00683,0.01585,0.0,10
0.0,0.00747,0.01,0.86492,4e-05,2.93866,0.80344,7.49887,0.59067,1.34211,0.02197,0.56442,0.42118,0.00199,0.10323,0.43651,0.0026,0.00038,0.00032,0.51136,0.00339,0.51982,0.00884,0.01865,0.00116,10
0.0,0.0094,0.01233,0.78727,0.00039,3.42808,0.67694,10.25831,0.58644,1.07457,0.00301,0.77752,0.53058,0.0,0.09875,0.6142,0.00132,0.001,0.00085,0.64113,0.0,0.65821,0.01514,0.00519,0.00059,10
0.0,0.01,0.01202,0.9487,0.00093,4.51482,0.72145,5.75045,0.65606,1.682,0.01015,0.8613,0.53448,0.0,0.1102,0.47713,0.00147,6e-05,0.00016,0.62371,0.00332,0.96846,0.01624,0.00295,0.00023,10
0.0,0.00718,0.01276,0.75236,0.00065,3.58776,0.72796,8.48728,0.57402,1.29014,0.00685,0.55953,0.61032,0.00187,0.11765,0.58715,0.00069,0.001,0.0003,0.41445,0.0078,0.64396,0.00202,0.00374,0.0,10
0.0,0.00996,0.01,0.84349,0.00082,3.36535,0.71961,7.95986,0.39643,1.75067,0.0246,0.89941,0.4445,7e-05,0.07618,0.55362,0.0,0.00096,0.00046,0.39869,0.00098,0.96999,0.00289,0.00558,0.00058,9
0.0,0.00541,0.01177,0.82284,0.00084,2.05564,0.62849,4.71466,0.53658,1.83551,0.01166,0.9,0.37734,0.00073,0.05714,0.47359,0.00196,0.00049,0.00519,0.41681,0.009,0.55289,0.01038,0.008,0.0,10
0.0,0.00553,0.01,0.82006,0.00052,3.32743,0.64188,5.6587,0.65105,1.61646,0.0,0.88825,0.41133,0.00129,0.09767,0.45945,0.00083,0.00099,0.0121,0.3005,0.00425,0.91966,0.01112,0.01706,0.00148,10
0.0,0.01,0.01238,0.78244,0.001,2.75734,0.95,9.21036,0.42301,1.01965,0.00651,0.83115,0.36446,0.0,0.10058,0.48689,0.00084,0.0003,0.01084,0.41941,0.00202,0.86222,0.0,0.0126,0.0,10
0.0,0.01,0.01123,0.81382,0.00069,2.68531,0.71869,8.80304,0.58399,1.45445,0.01421,0.61409,0.41308,0.00127,0.07849,0.68173,0.00054,0.00033,0.00024,0.56956,0.00978,0.84471,0.0,0.0012,0.00103,10
0.0,0.00638,0.0113,0.81681,0.00023,3.27733,0.77657,8.38584,0.64967,1.08412,0.00235,0.66841,0.29799,0.00046,0.08543,0.53116,0.00073,0.001,0.0044,0.58373,0.00296,0.83126,0.00121,0.0,0.00165,10
0.0,0.00677,0.01137,0.94089,0.00078,3.56307,0.83354,6.40793,0.47086,1.12499,0.01352,0.71235,0.46436,0.00046,0.0868,0.55122,0.00156,0.00065,0.00013,0.34932,0.00369,0.91335,0.0071,0.0005,0.0,10
0.0,0.01,0.0104,0.82671,0.00036,2.91865,0.77374,8.78347,0.53223,1.99623,0.00547,0.9,0.40155,0.00052,0.11011,0.52894,0.0,9e-05,0.00057,0.44632,0.00674,0.69056,0.00707,0.01894,0.00155,10
0.0,0.00752,0.01172,0.88049,0.00037,2.9936,0.75303,6.36218,0.52666,1.40802,0.01368,0.9,0.56528,0.00047,0.05826,0.50032,0.00032,0.0,0.0,0.53573,0.0,0.68735,0.0,0.01271,0.00014,9
0.0,0.00683,0.0106,0.88938,0.001,2.79557,0.7053,8.674,0.48422,1.26198,0.0,0.78416,0.42706,0.00049,0.08425,0.42009,0.00055,0.00079,0.0,0.36179,0.00977,0.71259,0.00437,0.01517,2e-05,8
0.0,0.00774,0.01213,0.90553,0.00058,2.9112,0.6781,8.84615,0.64486,1.03982,0.0,0.59778,0.30188,0.00035,0.10683,0.59101,0.0012,0.0008,0.00028,0.47604,0.00069,1.0,0.00099,0.00474,0.00022,9
0.0,0.00916,0.01026,0.86935,0.00063,3.06393,0.69137,9.32023,0.43955,1.23705,0.0,0.54911,0.4477,0.00131,0.12879,0.36002,0.00073,0.001,0.00045,0.59285,0.00261,0.90958,0.01205,0.0097,0.00014,10
0.0,0.00708,0.01083,0.88992,0.00092,3.07212,0.77857,9.57843,0.51304,1.10357,0.0,0.82593,0.65831,0.00146,0.10629,0.47641,0.00173,0.00045,0.00044,0.30376,0.00322,0.76886,0.00089,0.00526,0.00017,10
0.0,0.01,0.01037,0.80148,0.001,3.26468,0.68497,8.03531,0.51826,1.50629,0.0,0.6521,0.50731,0.00123,0.12663,0.54202,1e-05,0.00047,0.0005,0.54854,0.00285,0.44885,0.00158,0.01133,0.00089,8
0.0,0.00728,0.01212,0.8717,0.00089,2.72804,0.81857,8.21404,0.64705,1.40254,0.01837,0.60648,0.47171,0.0019,0.14529,0.48784,0.00204,0.00059,0.0,0.48873,0.00933,0.85195,0.00923,0.00026,0.00101,10
0.0,0.01,0.01046,0.92678,0.00048,2.83758,0.65548,8.96292,0.62412,1.41359,0.02157,0.82458,0.38963,0.00172,0.08337,0.56192,0.00121,0.00077,0.00049,0.45557,0.00463,1.0,0.00075,0.01874,0.0007,8
0.0,0.00713,0.01094,0.76143,0.00073,3.50796,0.70528,8.12208,0.52761,1.11475,0.0164,0.81808,0.45137,0.0,0.15462,0.55878,0.0,0.00038,0.0,0.54973,0.00905,1.0,0.00266,0.01677,0.0001,10
0.0,0.00805,0.01,0.84922,4e-05,2.47856,0.78901,9.6326,0.54928,1.21855,0.00754,0.9,0.44014,0.00063,0.06488,0.44574,0.00213,0.00073,0.00016,0.3971,0.00101,0.52982,8e-05,0.00052,0.00132,10
0.0,0.00737,0.01189,0.91124,0.00034,2.92277,0.92701,8.13525,0.53243,0.80483,0.01038,0.58249,0.51125,0.00083,0.09265,0.82271,4e-05,0.0,0.01624,0.63873,0.00498,0.96498,0.01318,0.02929,0.0,10
0.0,0.00569,0.0141,0.86312,9e-05,3.1367,0.79387,6.48751,0.4307,1.05556,0.00259,0.75699,0.46853,0.00158,0.04535,0.52736,0.0,0.00069,0.0,0.33885,0.00064,0.63588,0.01549,0.02069,0.00049,10
0.0,0.00772,0.01123,0.76951,0.00073,4.00233,0.73246,8.86954,0.52613,1.37713,0.01471,0.9,0.4249,0.00064,0.06024,0.49993,0.0,0.00086,0.0,0.59019,0.01096,1.0,0.0,0.00712,0.00098,8
0.0,0.00898,0.01,0.93024,0.00065,3.04364,0.78297,6.15777,0.54335,1.66347,0.00849,0.81385,0.42795,0.00077,0.09928,0.50611,0.0014,0.0,0.0,0.4873,0.0001,1.0,0.0,0.01296,0.0,9
0.0,0.00734,0.01104,0.85755,0.001,3.02414,0.79979,5.99854,0.56714,1.07805,0.01413,0.6735,0.35069,0.00119,0.08153,0.53786,0.0003,0.00085,0.00034,0.57364,0.00893,0.7018,0.0088,0.00078,0.00106,10
0.0,0.00773,0.01049,0.92324,0.00047,2.96813,0.80172,10.8419,0.42349,1.34404,0.01737,0.67702,0.35308,0.00058,0.05983,0.6218,0.00167,0.001,0.00055,0.39175,0.00809,0.95434,0.00046,0.02192,0.0,10
0.0,0.01,0.01081,0.9631,0.00091,3.18198,0.69697,9.6315,0.43397,1.08933,0.00784,0.9,0.45977,0.0002,0.08352,0.57688,0.00017,0.00095,1e-05,0.45581,0.00445,0.93037,0.0,0.00401,0.00033,9
0.0,0.0082,0.01,0.95299,0.00059,3.70684,0.72074,7.25725,0.57355,1.21437,0.01546,0.54041,0.38174,0.00032,0.0701,0.62222,0.00135,0.0,0.0003,0.48346,0.00858,0.72148,0.00476,0.01342,0.00064,9
0.0,0.00696,0.01075,0.96008,0.00075,3.00009,0.82141,10.35686,0.59019,1.0012,0.01736,0.67099,0.53741,0.00055,0.11766,0.62785,0.00083,0.00041,0.00221,0.58773,0.0,0.74885,0.00116,0.02132,0.00071,10
0.0,0.00951,0.01,0.78532,0.0003,3.63758,0.69204,9.60555,0.54489,1.54163,0.00049,0.8717,0.51461,0.00022,0.09431,0.59129,0.00117,0.00079,0.00053,0.43204,0.00889,1.0,0.00853,0.02135,0.0016,10
0.0,0.01,0.01114,0.78538,0.00048,3.4536,0.76179,5.91864,0.70362,2.06671,0.01464,0.686,0.5652,0.0,0.11306,0.71746,0.0,0.00093,0.0,0.59569,0.01058,0.65341,0.00167,0.02214,0.00023,9
0.0,0.0043,0.01,0.73422,0.00058,3.08227,0.91333,9.69601,0.48772,1.3564,0.01495,0.73789,0.46024,0.00187,0.08793,0.4921,0.00174,0.001,0.0,0.46749,0.00586,0.95637,0.01294,0.01276,0.0,10
0.0,0.00881,0.01104,0.94802,0.001,2.8861,0.62028,8.04726,0.40407,1.33336,0.00024,0.83031,0.61768,0.00158,0.11835,0.74228,0.00189,0.00079,0.00013,0.48625,0.00496,0.98901,0.00129,0.01313,0.00122,9
0.0,0.00679,0.01,0.87947,0.001,3.07742,0.80868,15.25301,0.57698,0.76814,0.00301,0.73007,0.29682,0.0,0.0838,0.91025,0.0014,0.00089,0.01015,0.34876,0.00486,0.66346,0.01064,0.01525,0.00062,10
0.0,0.006,0.01228,0.96209,0.00065,3.58347,0.70931,8.30671,0.53996,1.36124,0.01716,0.85849,0.49343,0.00077,0.0889,0.56264,0.0,0.00084,0.00054,0.40829,0.00428,1.0,0.00445,0.00863,0.00127,8
0.0,0.00579,0.01,0.88616,0.0,3.18255,0.56745,6.73509,0.51352,1.30757,0.0,0.9,0.47482,0.00175,0.05675,0.60731,0.00106,0.00088,0.00023,0.32507,0.00109,0.86419,0.01389,0.0193,0.00094,10
0.0,0.01,0.01228,0.86338,0.00087,2.84164,0.70671,9.26342,0.56741,1.58745,0.00184,0.84365,0.49265,0.00204,0.10341,0.61615,0.0,0.001,0.0,0.35285,0.00462,1.0,0.01058,0.01798,0.0,9
